No,공고제목,회사이름,회사위치,링크
1,간호사,보령시립노인전문병원,충남>보령시,https://job.incruit.com/jobdb_info/jobpost.asp?job=2408130002015&src=etc*search
2,"양평요양병원에서 간호사(병동간호사1명, 나이트간호사1명) 모십니다.",양평요양병원,신입/(연차무관),https://job.incruit.com/jobdb_info/jobpost.asp?job=2408230001390&src=etc*search
3,간호사 모집,예손재활의학과의원,경남>진주시,https://job.incruit.com/jobdb_info/jobpost.asp?job=2408190000870&src=etc*search
4,간호사 구인,올리브실버케어,경기>고양시 덕양구,https://job.incruit.com/jobdb_info/jobpost.asp?job=2408200002463&src=etc*search
5,간호사 모집,라온팰리스요양원,경기>수원시 권선구,https://job.incruit.com/jobdb_info/jobpost.asp?job=2408210005115&src=etc*search
6,간호사 모십니다.,우석대한방병원,전북>전주시 완산구,https://job.incruit.com/jobdb_info/jobpost.asp?job=2408230000674&src=etc*search
7,정신과 간호사,한길병원,전북>완주군,https://job.incruit.com/jobdb_info/jobpost.asp?job=2408220000656&src=etc*search
8,"수간호사, N전담간호사, D/E간호사  초빙 공고",의료법인 아주효성의료재단,신입/(연차무관),https://job.incruit.com/jobdb_info/jobpost.asp?job=2408210005649&src=etc*search
9,병동간호사모집,(의)성동재단,대구>북구,https://job.incruit.com/jobdb_info/jobpost.asp?job=2408160003316&src=etc*search
10,"간호사 모집 / 병동 3교대 / D, E  간호사",실로암요양병원,학력무관,https://job.incruit.com/jobdb_info/jobpost.asp?job=2408200000620&src=etc*search
11,간호사 채용 공고,문경어르신마을,경북>문경시,https://job.incruit.com/jobdb_info/jobpost.asp?job=2408140005211&src=etc*search
12,책임간호사 구인,의료법인청명의료재단 목포참사랑요양병원,전남>목포시,https://job.incruit.com/jobdb_info/jobpost.asp?job=2408130002275&src=etc*search
13,간호사 채용 공고,경상남도립치매요양병원,경남>김해시,https://job.incruit.com/jobdb_info/jobpost.asp?job=2408200004508&src=etc*search
14,응급실 간호사 모집,서산중앙병원,충남>서산시 외,https://job.incruit.com/jobdb_info/jobpost.asp?job=2408190003797&src=etc*search
15,D/E 간호사 모집합니다.,보비스병원,대구>수성구,https://job.incruit.com/jobdb_info/jobpost.asp?job=2408120002076&src=etc*search
16,인성병원 간호사 구인,인성병원,경북>포항시 북구,https://job.incruit.com/jobdb_info/jobpost.asp?job=2408210000463&src=etc*search
17,간호사 채용,황석순내과의원,경북>포항시 북구,https://job.incruit.com/jobdb_info/jobpost.asp?job=2408140000651&src=etc*search
18,간호사 채용,율요양원,대전>서구,https://job.incruit.com/jobdb_info/jobpost.asp?job=2408230003182&src=etc*search
19,속초보광병원 간호사 채용,의료법인보광의료재단속초보광병원,강원>속초시,https://job.incruit.com/jobdb_info/jobpost.asp?job=2403270000398&src=etc*search
20,간호사 모집,한나요양원,경기>이천시,https://job.incruit.com/jobdb_info/jobpost.asp?job=2408130000473&src=etc*search
21,나이트 전담 간호사 구인합니다.,미래아동병원,광주>남구,https://job.incruit.com/jobdb_info/jobpost.asp?job=2408230003423&src=etc*search
22,급) M간호사 채용합니다.(N 간호사도 채용합니다.),화현요양병원,고졸,https://job.incruit.com/jobdb_info/jobpost.asp?job=2408190006477&src=etc*search
23,간호사 모집합니다,제주원광요양원,제주>제주시,https://job.incruit.com/jobdb_info/jobpost.asp?job=2408270001823&src=etc*search
24,요양원 간호사구인,안양실버케어호계요양원,경기>안양시 동안구,https://job.incruit.com/jobdb_info/jobpost.asp?job=2408260006184&src=etc*search
25,3교대 간호사 채용합니다.,미즈병원,전남>순천시,https://job.incruit.com/jobdb_info/jobpost.asp?job=2408130005600&src=etc*search
26,간호사 신입/경력  채용,(의)용성의료재단 삼성합천병원,경남>합천군,https://job.incruit.com/jobdb_info/jobpost.asp?job=2408090002561&src=etc*search
27,해피요양원 간호사 모집합니다,해피요양원,경남>창원시 진해구,https://job.incruit.com/jobdb_info/jobpost.asp?job=2408210003879&src=etc*search
28,여주순영병원에서 병동간호사를 채용합니다.,의료법인고려의료재단,경기>여주시,https://job.incruit.com/jobdb_info/jobpost.asp?job=2408090000886&src=etc*search
29,광주희망병원 간호사 구인,광주희망병원,광주>북구,https://job.incruit.com/jobdb_info/jobpost.asp?job=2408140004525&src=etc*search
30,요양원 간호사 채용 공고,장수만세,경기>양평군,https://job.incruit.com/jobdb_info/jobpost.asp?job=2408260002074&src=etc*search
